{"weaponenum":2,"playerpos":{"x":572.5344848632813,"y":10.9981689453125,"z":339.7765197753906},"Hp":100.0,"Hunger":16.344951629638673,"thirst":16.344951629638673,"slots":[],"isnew":false}